{
  "user": [
    {
      "username": "nazmi",
      "email": "nazmi@gmail.com",
      "phonenumber": "0123456789",
      "password": "nazmi1",
      "id": 1
    },
    {
      "username": "test",
      "email": "test@gmail.com",
      "phonenumber": "012345667788",
      "password": "test1",
      "id": 2
    },
    {
      "username": "aqmal",
      "email": "aqmal@gmail.com",
      "phoneNo": "123456789",
      "password": "aqmal1",
      "id": 3
    },
    {
      "username": "syamil",
      "email": "syamil@gmail.com",
      "phoneNo": "0123456789",
      "password": "syamil1",
      "id": 4
    },
    {
      "username": "try",
      "email": "try@gmail.com",
      "phoneNo": "0123456789",
      "password": "try1",
      "id": 5
    },
    {
      "username": "zack",
      "email": "zack@gmail.com",
      "phoneNo": "019356",
      "password": "zack99",
      "id": 6
    }
  ],
  "Buyer": [
    {
      "fullname": "syamil",
      "email": "syamil@gmail.com",
      "address": "Seremban",
      "credit_card_number": "009900",
      "year": "2022",
      "cvv": "111",
      "id": 1
    },
    {
      "fullname": "nazmi",
      "email": "nadzmi@gmail.com",
      "address": "Seremban",
      "credit_card_number": "0550",
      "year": "2022",
      "cvv": "255",
      "id": 2
    }
  ]
}